{
  "metadata": {
    "correct": 15845,
    "incorrect": 733,
    "accuracy": 0.9557847750030161
  },
  "value extraction": {
    "correct": 8997,
    "incorrect": 2575,
    "accuracy": 0.7774801244382994
  },
  "comparison": {
    "correct": 3509,
    "incorrect": 1142,
    "accuracy": 0.7544614061492152
  },
  "trends": {
    "correct": 2941,
    "incorrect": 821,
    "accuracy": 0.7817650186071239
  },
  "reasoning": {
    "correct": 5744,
    "incorrect": 2218,
    "accuracy": 0.7214267771916604
  },
  "full": {
    "correct": 37069,
    "incorrect": 7496,
    "accuracy": 0.8317962526646472
  }
}