{
  "metadata": {
    "correct": 15659,
    "incorrect": 919,
    "accuracy": 0.9445650862588973
  },
  "value extraction": {
    "correct": 8514,
    "incorrect": 3058,
    "accuracy": 0.7357414448669202
  },
  "comparison": {
    "correct": 3249,
    "incorrect": 1402,
    "accuracy": 0.6985594495807353
  },
  "trends": {
    "correct": 2797,
    "incorrect": 965,
    "accuracy": 0.7434875066454014
  },
  "reasoning": {
    "correct": 5483,
    "incorrect": 2479,
    "accuracy": 0.6886460688269279
  },
  "full": {
    "correct": 35738,
    "incorrect": 8827,
    "accuracy": 0.8019297655110512
  }
}