{
  "metadata": {
    "correct": 16192,
    "incorrect": 386,
    "accuracy": 0.9767161298105923
  },
  "value extraction": {
    "correct": 9878,
    "incorrect": 1694,
    "accuracy": 0.8536121673003803
  },
  "comparison": {
    "correct": 3982,
    "incorrect": 669,
    "accuracy": 0.8561599655987959
  },
  "trends": {
    "correct": 3194,
    "incorrect": 568,
    "accuracy": 0.849016480595428
  },
  "reasoning": {
    "correct": 6472,
    "incorrect": 1490,
    "accuracy": 0.8128610901783472
  },
  "full": {
    "correct": 39755,
    "incorrect": 4810,
    "accuracy": 0.8920677661842253
  }
}